shot,start_s,end_s,duration_s,rep_s,name,composition,paper_media,semantic_nodes,action_chain,audio_subtitle_relation,rep_file,depth_layers,object_groups,palette,transition_audio,minimum_acceptance
S01,0.000,0.100,0.100,0.000,冷开微缩城市闪回,三帧全景闪回,纸模城市/数据卡,9,完成态闪现→清空,0.000–0.100s沿用后文“微缩城市”字幕；0.100s出现全片最强音频瞬变，属于有意冷开但语义错位缺陷,reproducible/shot_reps/S01_0.000.jpg,前:数据卡｜中:城市/道路｜后:坐标纸板,4,米/牛皮/海军蓝/珊瑚红,3帧未来帧闪回→0.100s清空；音频瞬变P100,只作技术闪回；正式版不得携带后文错字幕，若保留需≤3帧且语义可解释
S02,0.100,6.667,6.567,5.800,VOX问题总标题拼贴,中心标题+四周放射拼贴,杂志剪报/漫画/蓝图/胶片/纸模,11,空桌→素材飞入→问号成立→标题压入→标签/图钉→停帧,旁白提问；底部逐句字幕，大标题复述“VOX风格怎么做”,reproducible/shot_reps/S02_5.800.jpg,前:红标签/手｜中:问号/标题｜后:胶片/漫画/蓝图/模型,6,米/牛皮/黑白/海军蓝/珊瑚红,硬切至工作台；边界±100ms音频瞬变P95.7,6组/≥11节点/3层；问号+多媒介+主标题齐全；6阶段；标题1×清晰
S03,6.667,15.233,8.566,14.000,错误方法：逐帧画/一键生成,撕纸左右分屏,素描纸/撕纸/打印纸/胶片,7,工具落位→手绘→打印→错误结果堆积→双红叉/否定标签,旁白列两种误区；红叉恰在“AE逐帧/AI一次生成”处落下,reproducible/shot_reps/S03_14.000.jpg,前:红叉/输出纸｜中:手绘与打印机｜后:撕纸工作台,5,米白/黑/牛皮/警示红,硬切爆炸平铺；P89.7,5组/≥7节点/3层；左右两误区必须同时成立，双红叉必须压中对应词
S04,15.233,16.600,1.367,15.800,机械零件平铺,顶视径向零件平铺,瓦楞纸/纸轴/胶片盘,8,爆炸零件平铺→轻微归位,“把它拆/析”词义由爆炸零件直接可视化,reproducible/shot_reps/S04_15.800.jpg,前:滚轮/小件｜中:机身/胶片盘｜后:米色纸台,4,牛皮/黑灰/米白,形态跳切至组装态；P97.3,4组/≥8节点；爆炸布局可数清且轮廓不粘连
S05,16.600,20.233,3.633,19.500,短镜头拆解机,正视机械流水线,纸板机械/胶片/信息卡,10,零件自组装→卷轴进料→胶片输出→六张镜头卡上轨→标题牌,“一组可控短镜头”对应机器输出多卡,reproducible/shot_reps/S05_19.500.jpg,前:镜头卡/标题牌｜中:机器/传送带｜后:卷盘/纸墙,5,牛皮/黑/红/少量蓝绿,硬切流程图；P77.9,5组/≥10节点；组装→输出关系完整，每卡可辨
S06,20.233,28.200,7.967,27.000,旁白转视觉任务分支图,左入右分叉流程图,撕纸波形/纸绳/照片卡,9,波形卷入→红点→三分支生长→三任务卡落位→节点标签/标题,“第一步写旁白→每句话变视觉任务→问题/原理/证据”一一映射,reproducible/shot_reps/S06_27.000.jpg,前:任务卡/标签｜中:节点分支｜后:波形/纸底,5,米白/黑/珊瑚红/蓝绿,硬切/碎片聚像；P98.5,5组/≥9节点；旁白、分支、问题/原理/证据一一对应
S07,28.200,31.167,2.967,30.500,一个镜头一个重点,中心人物靶框,剪影纸/标签纸,4,碎片聚成人像→红靶心→边框→标题/不要贪多,“一个镜头一个重点”字幕、画内标题、靶心三重同义,reproducible/shot_reps/S07_30.500.jpg,前:不要贪多标签｜中:人像/靶心｜后:边框/纸底,4,米白/黑/珊瑚红,硬切参考板；P49.3,4组/≥4节点；一个镜头一个重点不得被装饰抢夺
S08,31.167,37.833,6.666,36.800,统一视觉规则参考板,顶视编辑案板/网格,配色卡/分镜纸/胶片/图表,13,色卡/参考框落位→三分镜成组→主角定位→红线标注→图表/胶片补全,“配色/字体/构图统一，但镜头不必相同”对应参考板逐项标注,reproducible/shot_reps/S08_36.800.jpg,前:红针/胶片/图表｜中:三分镜/主角｜后:网格/色卡,6,米白/黑/珊瑚红/蓝绿,纸张揭页到叶片；P97.2,6组/≥13节点；配色/字体/构图均有可视证据，布局不重复
S09,37.833,41.333,3.500,40.900,叶片剖面与显微世界,左实体叶片+右三联放大,真叶/纸箭头/放大镜纸圈,7,叶片揭开→箭头指向→三重放大圈依次展开→标签,“科普→剖面/显微”在关键词处进入叶脉与细胞层,reproducible/shot_reps/S09_40.900.jpg,前:箭头/放大圈｜中:叶片/细胞｜后:白纸,4,米白/叶绿/珊瑚红,硬切木桌历史；P96.4,4组/≥7节点；必须有宏观叶片→至少3级放大
S10,41.333,45.300,3.967,44.800,历史地图档案证据网,顶视地图证据网,旧地图/旧报/肖像照/红线,14,地图铺开→肖像/照片落位→图钉→红线连接→档案标签,“讲历史→地图旧报纸人物档案”逐项落位,reproducible/shot_reps/S10_44.800.jpg,前:图钉/红线/照片｜中:地图/人物｜后:旧报木桌,6,旧纸棕/黑白/暗红,硬切数据坐标纸；P99.7,6组/≥14节点；地图/旧报/人物/证据关系线全可读
S11,45.300,50.767,5.467,50.500,商业数据微缩城市,低机位纸模城市,折纸道路/微缩楼宇/数据卡,11,坐标纸显现→蓝带折成道路→节点/楼群升起→微缩城市长成→数据卡,“讲商业数据→折线道路/柱状图城市”按词组完成形变,reproducible/shot_reps/S11_50.500.jpg,前:数据卡/人物树木｜中:道路/楼群｜后:坐标纸,5,米白/海军蓝/珊瑚红/灰,硬切蓝图；P97.3,5组/≥11节点；折线=道路、柱状=城市两种转换都完成
S12,50.767,55.133,4.366,54.900,产品蓝图爆炸图,蓝图背景轴向爆炸,蓝图纸/分层产品纸板,12,零件沿纵深轴分层拉开→内部件显露→引线/输入处理输出标签,“讲产品→蓝图/爆炸图/输入处理输出”同步拆层,reproducible/shot_reps/S12_54.900.jpg,前:引线/标签｜中:六层产品件｜后:蓝图网格,5,深蓝/牛皮/白线/珊瑚红,硬切人物剪影；P93.9,5组/≥12节点；外壳到内件分层清楚，输入/处理/输出关系可读
S13,55.133,58.967,3.834,58.700,人物故事证据墙,左侧头像+右侧漫画证据墙,剪影/漫画格/照片/红线,13,头像剪影拼成→漫画/照片落位→红针红线连接→时间轴/标题,“人物故事→漫画格证据墙时间线”逐词落位,reproducible/shot_reps/S13_58.700.jpg,前:照片/红线/时间尺｜中:漫画墙/头像｜后:纸底,6,米白/黑白/暗红,撕纸地景擦入；P95.6,6组/≥13节点；头像+漫画格+证据墙+时间线四类齐全
S14,58.967,61.433,2.466,61.200,纸张拼贴纸飞机,正视分层纸景,撕纸云山/折纸飞机,7,山云分层建立→红飞机入场→纸张拼贴标签,字幕继续“同一主题可在纸张拼贴…”；纸拼贴首先出现,reproducible/shot_reps/S14_61.200.jpg,前:飞机/云｜中:山脉层｜后:蓝纸,4,深蓝/米白/珊瑚红,同主体画风匹配切；P96.0,4组/≥7节点；纸纤维/撕边/接触阴影真实，红飞机锚点一致
S15,61.433,62.467,1.034,62.300,粘土定格纸飞机,正视粘土舞台,粘土云山/粘土飞机,6,粘土山体/云/飞机快速成形,同一句枚举“粘土定格”时快速切粘土,reproducible/shot_reps/S15_62.300.jpg,前:飞机/云｜中:粘土山｜后:蓝幕,4,深蓝/米白/陶土红,同主体匹配切；P80.1,4组/≥6节点；粘土材质可辨且主体位置连续
S16,62.467,63.267,0.800,63.170,蓝晒图纸飞机,正视工程蓝图,蓝晒纸/线稿,7,蓝图线框绘制→山脉/飞机/数据框完成,同一句枚举“蓝晒图”时切蓝图,reproducible/shot_reps/S16_63.170.jpg,前:飞机/线框｜中:蓝图山｜后:蓝晒底,4,蓝晒蓝/白线/珊瑚红,同主体匹配切；P99.4,4组/≥7节点；蓝晒线稿可辨，主体位置连续
S17,63.267,64.233,0.966,64.100,水墨卷轴纸飞机,正视水墨卷轴,宣纸水墨/折纸飞机,5,水墨山体晕染→红飞机进入→卷轴标签,同一句枚举“水墨卷轴”时切水墨,reproducible/shot_reps/S17_64.100.jpg,前:红飞机｜中:水墨山｜后:宣纸留白,4,宣纸白/水墨灰/珊瑚红,同主体匹配切；P99.9,4组/≥5节点；水墨晕染与红飞机分离清楚
S18,64.233,65.900,1.667,65.800,极简动态图形纸飞机,正视极简网格,白卡/线条/色块,5,网格/线条生长→山云色块成形→红飞机落位,同一句枚举“极简动态图形”时切极简,reproducible/shot_reps/S18_65.800.jpg,前:红飞机/线条｜中:山云几何｜后:米白网格,4,米白/墨线/灰绿/珊瑚红,硬切五卡规则板；P99.9,4组/≥5节点；极简图形不等于空白，网格/山云/飞机齐全
S19,65.900,71.900,6.000,71.700,五画风一致性规则板,顶视五卡横向谱系,五类参考卡/色票/转场标记,15,参考卡飞入/翻面→五卡对齐→关键词/配色/转场锚点连接→规则标题,“关键词/配色/转场锚点一致→画风不乱”对应五卡关系图,reproducible/shot_reps/S19_71.700.jpg,前:锚点/色票｜中:五风格卡｜后:白纸网格,6,米白/深蓝/灰绿/珊瑚红,硬切机械模型；P91.2,6组/≥15节点；五画风同主题、同色锚、同转场锚，关系线不乱
S20,71.900,83.533,11.633,83.200,参考图交给视频模型/单动作机,正视机器+屏幕+按钮+胶片,纸板机械/按钮卡/胶片,12,机器就位→参考卡输入→四个单动作按钮依次演示→胶片延展→越单一越稳定,“第三步逐个交给视频模型；一次一个动作：推近/展开/画路线/组装”按钮与字幕逐项同步,reproducible/shot_reps/S20_83.200.jpg,前:按钮/结果牌｜中:机器/屏幕/胶片｜后:纸墙,6,米白/牛皮/黑/红蓝绿按钮,硬切顶视时间轴；P93.6,6组/≥12节点；四按钮各只触发一个动作，输出胶片对应，最终画面可读
S21,83.533,96.867,13.334,96.500,以旁白为时间轴的人工拼装台,顶视多轨时间轴,波形纸带/照片卡/文字卡/图表,19,波形纸带展开→多轨建立→手放短片卡→关键词卡→字幕数字图表补全→总时间轴,“最后以旁白为时间轴→拼短片→补关键词字幕数字图表”跟随手部摆放,reproducible/shot_reps/S21_96.500.jpg,前:手/关键词卡｜中:短片轨道｜后:波形/图表底,7,米白/黑白/珊瑚红/蓝绿图表,硬切总结板；P99.0,7组/≥19节点；波形、短片、关键词、字幕数字图表全进入同一时间轴
S22,96.867,97.600,0.733,97.400,嵌套播放器过渡,中心嵌套屏幕,纸播放器/纸飞机/碎纸,5,空播放器→纸飞机/山体嵌套缩放,“真正好玩的不是复制外观”前的快速嵌套视觉转折,reproducible/shot_reps/S22_97.400.jpg,前:红飞机/碎纸｜中:播放器｜后:纸台,4,米白/蓝/珊瑚红,同画面嵌套匹配切；P85.8,4组/≥5节点；嵌套缩放仍保留飞机/山/播放器三锚
S23,97.600,104.867,7.267,104.500,可替换视觉语言总装板,中心播放器+环形主题模块,主题卡/屏幕/时间轴/红线,20,中心屏就位→历史/商业/产品/人物/画风/时间轴模块围绕→红线连接→视觉语言标题,“搭建可更换题材和表现形式的视觉语言”与总装板一致,reproducible/shot_reps/S23_104.500.jpg,前:标签/红线｜中:中心屏/主题模块｜后:总板,7,米白/深蓝/牛皮/珊瑚红/绿,硬切下一期总板；P99.9,7组/≥20节点；至少6类题材模块围绕同一中心，替换关系明确
S24,104.867,107.000,2.133,106.800,下一期预告总板,正视端到端流程总板,纸板打印机/胶片/参考卡,8,下一期标题→参考卡→打印机→胶片→成片屏幕连成流程,“下一期挑一种玩法”进入预告总板,reproducible/shot_reps/S24_106.800.jpg,前:结果屏/标签｜中:打印机/胶片｜后:左右参考卡,5,米白/深蓝/牛皮/珊瑚红,推进/语义阶段重置至机械机；P53.0,5组/≥8节点；参考→机器→胶片→屏幕路径连续
S25,107.000,108.033,1.033,107.800,参考图进入机械成片机,正视齿轮印制机,齿轮纸机/图像纸/胶片,6,参考图进入齿轮机→纸片/胶片被加工输出,“从参考图到最终成片”触发机械加工,reproducible/shot_reps/S25_107.800.jpg,前:碎纸/输出｜中:齿轮机/输入图｜后:白纸,4,米白/牛皮/深蓝/珊瑚红,机械阶段重置至胶片输出；P75.3,4组/≥6节点；输入图被加工而非无因变画，齿轮/输出方向正确
S26,108.033,110.154,2.121,109.800,胶片输出与最终成片,正视胶片+播放器终态,胶片/纸播放器/纸标签,6,胶片展开→成片屏幕锁定→从参考图到成片/完整做一遍,“完整做一遍”在最终胶片/播放器完成态收束,reproducible/shot_reps/S26_109.800.jpg,前:标题牌/纸片｜中:胶片/播放器｜后:纸台,4,米白/深蓝/珊瑚红/牛皮,结尾停帧,4组/≥6节点；胶片到播放器完成态闭环，结尾标题清晰
